layout	rank	score	pareto	worse_than_random	dup_group	dup_best	seconds	nonfinite	axes	nn_p50	overlap	nbr_recall	edge_intra	edge_cross	cross_ratio	layer_sil	ent_dist	ent_dist_rel	func_coherence	trust	shepard	stress	nbr2_jaccard	edge_cv	occlusion	best_view
tiles_meta_free_1	1	0.894	1	0	79	1	2.700	0	1.00/0.96/0.73	0.005	0.000	0.334	0.033	1.209	36.700	0.765	0.766	0.812	2.138	0.961	0.260	0.153	0.268	2.323	0.647	80/138
n2vbal_tsne_1	2	0.886	1	0	46	1	35.600	0	1.00/0.92/0.91	0.007	0.001	0.433	0.046	0.612	13.326	0.647	0.873	0.939	2.651	0.961	0.256	0.138	0.289	1.905	0.633	9/-135
graphdr_tsne_1	3	0.846	1	0	39	1	13.700	0	1.00/0.96/0.90	0.010	0.000	0.502	0.046	0.744	16.229	0.656	0.915	0.937	2.707	0.964	0.239	0.145	0.298	1.930	0.517	61/20
tiles_helix_free_1	4	0.846	1	0	10	1	2.700	0	1.00/0.87/0.78	0.007	0.000	0.333	0.042	1.332	31.999	0.689	0.868	0.858	2.139	0.960	0.183	0.154	0.268	2.168	0.392	61/20
tiles_hemi_free_1	5	0.821	0	0	76	1	1.500	0	1.00/0.96/0.50	0.003	0.000	0.335	0.022	1.209	54.825	0.813	0.716	0.797	2.139	0.961	0.237	0.175	0.268	2.620	0.810	38/60
tiles_sphere_free_1	6	0.813	0	0	78	1	2.700	0	1.00/0.95/0.92	0.004	0.000	0.335	0.027	1.369	50.635	0.795	0.771	0.865	2.139	0.961	0.159	0.156	0.268	2.491	0.682	42/8
tiles_hemi_free_curved_1	7	0.805	0	0	76	0	3.000	0	1.00/0.96/0.50	0.003	0.000	0.335	0.022	1.209	54.731	0.812	0.716	0.797	2.141	0.961	0.237	0.175	0.268	2.619	0.810	38/60
tiles_sphere_free_curved_1	8	0.805	0	0	78	0	2.500	0	1.00/0.95/0.92	0.004	0.000	0.335	0.027	1.371	50.493	0.794	0.771	0.861	2.140	0.961	0.156	0.156	0.267	2.489	0.684	42/8
geom_nested_1	9	0.780	1	0	49	1	7.200	0	1.00/0.87/0.79	0.003	0.000	0.468	0.013	0.509	38.468	0.688	0.881	0.966	2.723	0.962	0.276	0.158	0.262	2.429	0.938	26/-90
tiles_grid_free_1	10	0.780	1	0	12	1	2.400	0	1.00/0.75/0.45	0.008	0.000	0.333	0.052	1.193	22.786	0.529	0.930	0.748	2.139	0.959	0.144	0.189	0.268	2.040	0.336	47/178
geom_nestedlayer_1	11	0.756	1	0	51	1	5.500	0	1.00/0.89/0.81	0.003	0.000	0.457	0.011	1.178	110.230	0.826	0.926	1.011	2.612	0.958	0.271	0.158	0.264	2.403	0.927	70/-170
focus_hyp_1	12	0.740	1	0	39	0	2.500	0	1.00/0.97/0.92	0.009	0.000	0.496	0.041	0.774	18.725	0.671	0.909	0.932	2.718	0.963	0.230	0.142	0.295	2.022	0.561	67/-32
n2vred_localmap_bal_1	13	0.724	1	0	45	1	8.700	0	1.00/0.93/0.90	0.006	0.000	0.287	0.043	0.509	11.727	0.529	0.866	0.927	2.732	0.957	0.251	0.146	0.270	1.905	0.718	3/-30
enrich_all_blend75_1	14	0.715	1	0	61	1	7.300	0	1.00/0.90/0.87	0.010	0.000	0.256	0.044	0.215	4.906	0.675	0.828	0.886	3.124	0.955	0.232	0.153	0.258	2.136	0.599	19/153
tiles_cyl3_free_1	15	0.715	0	0	9	1	2.400	0	1.00/0.99/0.79	0.006	0.000	0.333	0.040	1.434	35.477	0.682	0.873	0.807	2.139	0.959	0.135	0.162	0.268	2.228	0.421	2/108
enrich_Reactome_Pathways_2024_a_blend75_1	16	0.707	1	0	62	1	5.500	0	1.00/0.88/0.85	0.010	0.000	0.255	0.045	0.342	7.661	0.675	0.818	0.914	3.045	0.955	0.243	0.149	0.254	2.088	0.604	16/-155
rwr_1	17	0.707	1	0	65	1	15.300	0	1.00/0.96/0.84	0.012	0.000	0.240	0.048	0.596	12.543	0.723	0.867	0.902	2.188	0.961	0.276	0.161	0.275	2.111	0.601	23/-37
tiles_cyl3_free_curved_1	18	0.707	1	0	9	0	2.200	0	1.00/0.99/0.79	0.006	0.000	0.333	0.041	1.431	35.258	0.680	0.873	0.805	2.139	0.960	0.133	0.162	0.268	2.225	0.385	5/55
enrich_GO_Biological_Process_2025_a_blend75_1	19	0.699	1	0	60	1	4.300	0	1.00/0.89/0.82	0.010	0.000	0.258	0.044	0.287	6.550	0.676	0.819	0.899	2.978	0.955	0.253	0.155	0.258	2.106	0.626	11/173
n2vbal_1	20	0.699	0	0	63	1	4.600	0	1.00/0.94/0.85	0.010	0.000	0.273	0.041	0.592	14.528	0.705	0.810	0.904	2.394	0.958	0.238	0.151	0.271	2.184	0.602	8/3
tiles_star_free_gib_1	21	0.699	1	0	77	1	1.100	0	1.00/0.97/0.14	0.006	0.000	0.320	0.021	1.102	51.506	0.615	0.761	0.981	2.429	0.951	0.213	0.197	0.247	2.040	0.379	65/105
focus_fisheye_1	22	0.691	0	0	39	0	3.900	0	1.00/0.98/0.94	0.007	0.000	0.465	0.037	0.812	21.981	0.640	0.882	0.937	2.635	0.959	0.212	0.143	0.273	2.120	0.595	37/-162
n2vbfs_1	23	0.675	1	0	64	1	12.800	0	1.00/0.95/0.90	0.010	0.000	0.255	0.043	0.558	12.932	0.708	0.898	0.945	2.412	0.963	0.279	0.153	0.283	2.153	0.619	28/-5
sumap_community_1	24	0.675	1	0	7	1	4.900	0	1.00/0.93/0.86	0.006	0.000	0.257	0.028	0.675	24.058	0.713	0.960	0.972	2.398	0.966	0.192	0.155	0.274	2.648	0.800	48/40
n2vred_trimap_bal_1	25	0.667	1	0	47	1	10.000	0	1.00/0.84/0.65	0.008	0.000	0.215	0.039	0.239	6.125	0.679	0.853	0.870	2.270	0.954	0.332	0.162	0.243	2.037	0.695	51/125
sumap_theme_1	26	0.667	0	0	67	1	8.600	0	1.00/0.92/0.83	0.009	0.000	0.236	0.043	0.745	17.278	0.657	0.862	0.956	2.532	0.952	0.222	0.159	0.248	2.101	0.662	9/-135
tiles_stack_free_1	27	0.667	1	0	23	1	20.500	0	1.00/0.80/0.54	0.030	0.000	0.316	0.188	1.143	6.079	-0.020	0.620	0.608	2.083	0.706	0.188	0.167	0.156	1.102	0.187	36/-25
tiles_star_free_1	28	0.667	0	0	77	0	3.000	0	1.00/0.97/0.14	0.005	0.000	0.333	0.032	1.114	34.572	0.680	0.758	0.773	2.138	0.959	0.210	0.199	0.267	2.385	0.536	57/-65
tiles_hemi_free_gib_1	29	0.659	0	0	76	0	2.700	0	1.00/0.96/0.50	0.004	0.000	0.320	0.015	1.214	82.866	0.779	0.718	0.981	2.427	0.951	0.237	0.173	0.247	2.322	0.793	38/60
metapath_1	30	0.650	0	0	66	1	16.400	0	1.00/0.94/0.88	0.008	0.000	0.254	0.035	1.081	30.707	0.804	0.905	0.963	2.199	0.961	0.209	0.158	0.274	2.350	0.667	90/0
tiles_grid_free_gib_1	31	0.642	1	0	13	1	17.200	0	1.00/0.75/0.45	0.010	0.000	0.320	0.035	1.187	34.270	0.468	0.944	0.953	2.429	0.950	0.148	0.187	0.247	1.711	0.167	50/-97
community_1	32	0.634	1	0	82	1	8.800	0	1.00/0.94/0.79	0.012	0.000	0.170	0.037	0.022	0.588	0.618	0.905	0.869	2.522	0.969	0.242	0.172	0.271	2.583	0.615	72/53
enrich_all_height_1	33	0.634	1	0	76	0	2.900	0	1.00/0.95/0.50	0.007	0.000	0.251	0.032	1.220	37.620	0.811	0.718	0.800	2.722	0.959	0.233	0.175	0.248	2.499	0.732	38/60
tiles_hemi_free_rim_1	34	0.634	0	0	76	0	2.800	0	1.00/0.96/0.50	0.004	0.000	0.285	0.031	1.122	36.706	0.804	0.713	0.765	2.034	0.949	0.244	0.173	0.245	2.339	0.773	38/60
sumap_layer_1	35	0.626	0	0	8	1	4.700	0	1.00/0.96/0.90	0.007	0.000	0.250	0.028	1.220	44.196	0.853	0.946	0.983	2.154	0.959	0.184	0.158	0.273	2.539	0.792	80/138
graphdr_tsne_hop3_1	36	0.618	1	0	37	1	17.900	0	1.00/0.88/0.74	0.021	0.000	0.175	0.070	0.138	1.987	0.462	0.920	0.850	2.352	0.961	0.559	0.156	0.301	1.670	0.441	26/-90
enrich_Reactome_Pathways_2024_a_height_1	37	0.610	1	0	76	0	3.500	0	1.00/0.96/0.50	0.007	0.000	0.237	0.038	1.227	32.656	0.806	0.720	0.785	2.958	0.960	0.232	0.175	0.238	2.439	0.727	38/60
tiles_sphere_free_rim_1	38	0.610	0	0	78	0	2.500	0	1.00/0.95/0.92	0.005	0.000	0.281	0.038	1.292	34.070	0.787	0.769	0.822	1.996	0.949	0.161	0.155	0.241	2.202	0.634	42/8
tiles_stack_aligned_1	39	0.610	1	0	21	1	2.100	0	1.00/0.81/0.51	0.022	0.000	0.222	0.223	0.801	3.600	-0.050	0.331	0.314	2.505	0.727	0.203	0.174	0.120	0.998	0.288	17/68
focus_core_1	40	0.602	1	0	41	1	3.500	0	1.00/0.95/0.91	0.009	0.000	0.363	0.070	0.564	8.028	0.377	0.823	0.873	2.457	0.950	0.202	0.194	0.230	1.221	0.657	22/100
graphdr_tsne_x4_1	41	0.593	1	0	40	1	12.500	0	1.00/0.95/0.90	0.002	0.000	0.176	0.011	0.556	51.356	0.836	0.931	0.897	1.966	0.961	0.305	0.167	0.226	3.067	0.912	4/-167
tiles_hemi_free_slift_1	42	0.593	0	0	76	0	3.200	0	1.00/0.96/0.50	0.008	0.000	0.198	0.042	1.219	29.333	0.808	0.717	0.806	2.062	0.959	0.236	0.175	0.246	2.394	0.713	38/60
tiles_pages_free_1	43	0.585	1	0	14	1	2.500	0	1.00/0.99/0.21	0.009	0.000	0.333	0.055	1.309	23.656	0.350	0.728	0.761	2.139	0.960	0.146	0.201	0.268	2.001	0.462	26/-90
enrich_GO_Biological_Process_2025_a_height_1	44	0.577	0	0	76	0	3.100	0	1.00/0.96/0.50	0.008	0.000	0.231	0.038	1.220	32.223	0.808	0.721	0.795	2.387	0.959	0.233	0.175	0.242	2.428	0.717	38/60
enrich_all_hyper_1	45	0.577	1	0	57	1	4.200	0	1.00/0.83/0.70	0.014	0.000	0.167	0.124	0.162	1.307	0.117	0.667	0.725	3.586	0.839	0.230	0.159	0.167	1.359	0.452	41/145
focus_shell_1	46	0.569	1	0	41	0	4.700	0	1.00/0.97/0.93	0.013	0.000	0.221	0.509	0.626	1.228	0.374	0.895	0.775	2.355	0.927	0.207	0.160	0.197	0.856	0.473	48/40
geom_domes_1	47	0.569	0	0	4	1	2.900	0	1.00/0.98/0.65	0.002	0.000	0.289	0.012	0.610	49.194	0.703	0.947	0.914	2.156	0.944	0.143	0.175	0.244	2.437	0.914	41/145
n2vred_hnne_bal_1	48	0.561	0	0	48	1	3.400	0	1.00/0.94/0.74	0.008	0.000	0.313	0.051	0.878	17.281	0.542	0.899	0.947	2.271	0.943	0.234	0.160	0.211	1.933	0.637	22/100
n2vdfs_pacmap_1	49	0.553	0	0	50	1	15.100	0	1.00/0.93/0.90	0.004	0.000	0.210	0.021	0.247	11.902	0.739	0.909	0.920	2.293	0.957	0.239	0.155	0.236	2.710	0.876	70/-170
tiles_sphere_aligned_curved_1	50	0.545	0	0	78	0	0.800	0	1.00/0.93/0.89	0.003	0.000	0.233	0.035	1.369	39.517	0.781	0.752	0.758	2.119	0.950	0.154	0.158	0.207	2.347	0.728	33/28
tiles_stack_half_1	51	0.545	1	0	22	1	2.400	0	1.00/0.78/0.44	0.022	0.000	0.207	0.199	0.952	4.777	-0.028	0.474	0.438	2.042	0.738	0.189	0.177	0.136	1.036	0.226	30/80
joint_suprarwr_1	52	0.537	1	0	74	1	92.400	0	1.00/0.93/0.73	0.010	0.000	0.162	0.066	0.302	4.555	0.525	0.773	0.905	2.476	0.941	0.154	0.163	0.222	1.765	0.539	38/60
geom_dome_1	53	0.528	0	0	3	1	4.100	0	1.00/0.98/0.53	0.002	0.000	0.300	0.013	0.293	22.577	0.656	0.979	0.888	2.187	0.943	0.181	0.181	0.247	2.630	0.904	43/-130
n2vbal_pacmap_1	54	0.528	0	0	44	1	6.500	0	1.00/0.97/0.88	0.004	0.001	0.198	0.020	0.271	13.278	0.729	0.870	0.898	2.309	0.954	0.225	0.155	0.237	2.730	0.921	23/-37
supra_w1_1	55	0.528	1	0	75	1	4.000	0	1.00/0.94/0.87	0.011	0.000	0.112	0.103	0.369	3.586	0.343	0.676	0.699	1.805	0.890	0.212	0.154	0.157	1.195	0.534	90/0
engine_tfdp_free_1	56	0.520	1	0	52	1	24.000	0	1.00/0.93/0.90	0.059	0.000	0.185	0.192	0.354	1.848	0.138	0.849	0.834	2.109	0.845	0.456	0.108	0.169	0.754	0.156	67/-32
enrich_Reactome_Pathways_2024_a_hyper_1	57	0.520	1	0	83	1	4.500	0	1.00/0.90/0.67	0.012	0.000	0.171	0.115	0.146	1.266	0.185	0.796	0.771	3.840	0.867	0.218	0.178	0.170	1.480	0.507	30/80
engine_tfdp_shells_1	58	0.512	1	0	53	1	23.700	0	1.00/0.97/0.96	0.061	0.000	0.185	0.224	0.392	1.751	0.080	0.847	0.830	2.060	0.819	0.404	0.107	0.148	0.735	0.125	40/-77
engine_tfdp_sphere_1	59	0.512	1	0	55	1	22.300	0	1.00/1.00/1.00	0.015	0.000	0.139	0.125	0.337	2.701	0.214	0.824	0.870	2.063	0.877	0.195	0.135	0.193	1.348	0.261	32/165
geom_terrain_1	60	0.512	0	0	5	1	4.500	0	1.00/0.96/0.26	0.002	0.003	0.303	0.016	0.392	23.927	0.626	1.002	0.947	2.304	0.941	0.187	0.199	0.241	2.356	0.921	41/145
geom_hilbertlayer_1	61	0.504	1	0	15	1	12.800	0	1.00/1.00/1.00	0.063	0.000	0.184	0.234	1.373	5.868	0.140	0.854	1.024	1.697	0.805	0.065	0.164	0.141	0.977	0.000	17/68
tiles_cyl2_free_curved_1	62	0.496	0	0	11	1	2.200	0	1.00/0.98/0.41	0.005	0.000	0.333	0.034	1.401	41.775	0.676	0.924	0.839	2.137	0.960	0.127	0.188	0.267	2.402	0.547	23/-37
alignedumap_r001_1	63	0.488	1	0	26	1	27.700	0	1.00/0.55/0.50	0.017	0.000	0.322	0.128	1.208	9.412	-0.016	0.669	0.753	2.285	0.769	0.064	0.206	0.206	1.258	0.269	38/60
tiles_hemi_free_sradial_1	64	0.488	0	0	76	0	2.700	0	1.00/0.96/0.50	0.004	0.000	0.091	0.047	1.212	25.835	0.826	0.717	0.804	1.809	0.940	0.235	0.175	0.186	2.292	0.764	38/60
feature_all_fa2_1	65	0.480	1	0	70	1	2.600	0	1.00/0.67/0.55	0.005	0.000	0.110	0.042	0.862	20.690	0.609	0.803	0.885	1.814	0.941	0.206	0.184	0.181	2.095	0.418	90/0
geom_terraintiles_1	66	0.472	0	0	18	1	3.600	0	1.00/0.82/0.09	0.009	0.000	0.300	0.056	1.287	23.055	0.615	0.910	0.956	2.089	0.953	0.119	0.222	0.247	2.171	0.561	42/8
feature_Reactome_Pathways_2024_a_fa2_1	67	0.463	1	0	70	0	5.500	0	1.00/0.66/0.54	0.005	0.000	0.112	0.044	0.861	19.652	0.595	0.804	0.875	1.842	0.940	0.209	0.184	0.179	2.055	0.379	90/0
enrich_Reactome_Pathways_2024_a_blend50_1	68	0.455	1	0	36	1	3.800	0	1.00/0.90/0.79	0.016	0.000	0.166	0.451	0.504	1.118	-0.047	0.446	0.506	4.715	0.767	0.139	0.182	0.095	0.965	0.361	9/-135
feature_GO_Biological_Process_2025_a_fa2_1	69	0.455	0	0	70	0	3.300	0	1.00/0.68/0.55	0.005	0.000	0.109	0.040	0.872	21.600	0.641	0.806	0.891	1.704	0.940	0.205	0.185	0.179	2.125	0.385	72/53
tiles_cyl2_free_sradial_curved_1	70	0.455	0	0	11	0	2.500	0	1.00/0.98/0.42	0.005	0.000	0.091	0.071	1.406	19.689	0.701	0.926	0.823	1.816	0.940	0.125	0.188	0.186	2.024	0.547	38/60
fa2_1	71	0.447	0	0	70	0	4.800	0	1.00/0.66/0.55	0.005	0.000	0.103	0.041	0.876	21.494	0.630	0.798	0.901	1.636	0.940	0.205	0.186	0.178	2.126	0.449	90/0
alignedumap_r1_1	72	0.439	1	0	27	1	21.200	0	1.00/0.64/0.50	0.022	0.000	0.301	0.164	1.190	7.241	-0.028	0.521	0.486	2.302	0.729	0.060	0.196	0.177	1.146	0.210	38/60
backbone_e03_1	73	0.439	1	0	81	1	3.300	0	1.00/0.83/0.66	0.002	0.000	0.327	0.029	1.078	36.695	0.421	0.839	1.044	2.216	0.909	0.138	0.188	0.188	1.891	0.829	50/-97
enrich_GO_Biological_Process_2025_a_hyper_1	74	0.431	1	0	56	1	3.200	0	1.00/0.81/0.73	0.016	0.000	0.149	0.157	0.200	1.281	-0.001	0.500	0.623	3.442	0.783	0.144	0.173	0.143	1.247	0.351	10/-50
fa2rarity_1	75	0.431	1	0	71	1	3.800	0	1.00/0.62/0.49	0.006	0.000	0.098	0.052	0.856	16.486	0.560	0.778	0.880	1.649	0.940	0.210	0.189	0.174	1.919	0.320	76/-85
supra_w0p1_1	76	0.431	1	0	38	1	3.900	0	1.00/0.95/0.89	0.005	0.000	0.089	0.120	0.390	3.240	0.446	0.896	0.864	1.596	0.927	0.300	0.137	0.150	1.029	0.769	59/158
supra_w10_1	77	0.431	1	0	20	1	3.600	0	1.00/0.60/0.29	0.011	0.000	0.038	0.360	0.283	0.787	-0.146	0.066	0.348	2.943	0.583	0.148	0.213	0.038	0.816	0.393	53/-12
domaintouch_1	78	0.415	0	0	1	1	5.700	0	1.00/0.90/0.52	0.007	0.000	0.092	0.061	0.987	16.303	0.391	0.909	0.852	1.795	0.927	0.145	0.243	0.171	1.806	0.403	48/40
fa2spectral_1	79	0.415	0	0	69	1	6.000	0	1.00/0.62/0.54	0.005	0.000	0.104	0.038	0.887	23.147	0.612	0.741	0.841	1.683	0.940	0.197	0.196	0.180	2.199	0.482	63/-117
topobet_1	80	0.415	0	0	2	1	11.300	0	1.00/0.90/0.14	0.010	0.000	0.085	0.080	0.481	5.991	0.429	0.988	0.877	1.765	0.923	0.315	0.194	0.164	1.693	0.470	48/40
focus_tree_1	81	0.398	1	0	43	1	3.700	0	1.00/0.89/0.88	0.005	0.000	0.065	0.621	0.779	1.253	0.255	0.854	0.750	1.794	0.880	0.172	0.169	0.168	0.846	0.692	26/-90
fa2_3	82	0.390	0	0	72	1	4.000	0	1.00/0.73/0.62	0.003	0.000	0.118	0.023	0.980	43.141	0.796	0.819	0.899	1.743	0.945	0.176	0.187	0.195	2.581	0.740	70/-170
enrich_Reactome_Pathways_2024_a_funcstack_1	83	0.382	1	0	29	1	3.800	0	1.00/0.24/0.12	0.003	0.000	0.135	0.182	1.088	5.966	0.143	0.532	0.112	3.692	0.892	0.074	0.323	0.099	1.343	0.592	67/-32
enrich_all_blend50_1	84	0.382	1	0	35	1	4.300	0	1.00/0.90/0.59	0.021	0.000	0.124	0.455	0.294	0.646	-0.027	0.417	0.488	5.573	0.768	0.140	0.176	0.088	0.943	0.305	12/35
spokes_score_1	85	0.382	1	0	59	1	3.800	0	1.00/0.95/0.91	0.029	0.000	0.078	0.414	1.489	3.601	0.305	0.795	0.878	1.780	0.927	0.094	0.190	0.136	0.818	0.252	47/178
enrich_GO_Biological_Process_2025_a_blend50_1	86	0.374	1	0	34	1	3.800	0	1.00/0.87/0.77	0.024	0.000	0.119	0.515	0.501	0.973	-0.051	0.367	0.446	4.219	0.743	0.132	0.173	0.085	0.860	0.266	1/-115
backbone_e05_1	87	0.366	0	0	17	1	4.900	0	1.00/0.76/0.71	0.002	0.000	0.330	0.016	1.055	66.158	0.620	0.896	1.026	2.280	0.928	0.135	0.191	0.208	2.305	0.901	61/20
columns_w10_1	88	0.366	1	0	30	1	5.000	0	1.00/0.43/0.34	0.010	0.000	0.270	0.126	0.958	7.627	-0.002	0.430	0.243	2.580	0.788	0.061	0.232	0.160	1.185	0.241	65/105
enrich_all_termcols_1	89	0.366	1	0	25	1	8.700	0	1.00/0.70/0.57	0.013	0.000	0.131	0.685	1.371	2.003	-0.044	0.441	0.346	4.039	0.728	0.014	0.203	0.080	0.792	0.362	63/-117
enrich_all_snf_1	90	0.358	1	0	96	1	22.100	0	1.00/0.92/0.71	0.007	0.000	0.081	0.934	0.315	0.337	-0.103	0.008	0.164	9.137	0.536	0.066	0.182	0.032	0.690	0.634	6/-82
focus_geo_1	91	0.358	1	0	42	1	3.600	0	1.00/0.96/0.90	0.025	0.000	0.058	0.448	0.851	1.900	0.220	0.899	0.888	1.678	0.890	0.121	0.191	0.119	0.720	0.330	53/-12
focus_geobands_1	92	0.358	1	0	80	1	4.100	0	1.00/0.85/0.57	0.019	0.000	0.052	0.398	0.982	2.465	0.157	0.747	0.839	1.551	0.882	0.132	0.190	0.111	0.739	0.285	51/125
joint_suprarwr_w10_1	93	0.358	1	0	19	1	14.800	0	1.00/0.83/0.68	0.022	0.000	0.116	0.245	0.163	0.668	-0.101	0.065	0.473	4.375	0.681	-0.059	0.209	0.105	1.129	0.309	90/0
enrich_all_magnets_1	94	0.350	1	0	88	1	6.600	0	1.00/0.80/0.65	0.025	0.000	0.013	0.729	0.593	0.814	-0.088	0.067	0.136	5.828	0.514	0.135	0.254	0.011	0.657	0.397	40/-77
enrich_all_umapand_1	95	0.350	1	0	94	1	27.800	0	1.00/0.73/0.63	0.029	0.000	0.062	0.600	0.364	0.607	-0.117	0.048	0.230	8.113	0.549	0.041	0.192	0.038	0.786	0.219	19/153
fa2sep_1	96	0.341	0	0	31	1	17.600	0	1.00/0.40/0.33	0.030	0.000	0.146	0.174	1.187	6.837	0.023	0.731	0.980	1.879	0.786	0.101	0.243	0.151	1.293	0.206	29/-142
geom_mapper_1	97	0.325	0	0	6	1	7.200	0	1.00/0.91/0.59	0.002	0.000	0.160	0.013	0.172	12.886	0.695	0.984	0.947	1.714	0.930	0.173	0.199	0.149	3.021	0.979	18/-70
stack	98	0.325	1	0	16	1	nan	0	1.00/0.05/0.05	0.005	0.000	0.091	0.028	1.109	39.490	0.530	0.717	0.918	1.755	0.957	0.134	0.358	0.217	3.013	0.230	90/0
enrich_all_funcstack_1	99	0.309	1	0	33	1	4.500	0	1.00/0.82/0.65	0.020	0.000	0.090	0.648	0.959	1.481	-0.026	0.323	0.105	5.533	0.657	0.062	0.190	0.049	0.701	0.260	28/-5
tiles_ring_free_curved_1	100	0.301	0	0	14	0	2.400	0	1.00/0.99/0.07	0.003	0.000	0.335	0.018	1.435	81.123	0.682	0.709	0.791	2.136	0.961	0.124	0.227	0.267	2.852	0.863	30/80
columns_w1_1	101	0.293	1	0	68	1	10.600	0	1.00/0.58/0.33	0.006	0.000	0.101	0.036	0.934	25.669	0.562	0.665	0.835	1.853	0.944	0.173	0.214	0.219	2.305	0.202	72/53
enrich_Reactome_Pathways_2024_a_magnets_1	102	0.293	1	0	86	1	4.800	0	1.00/0.85/0.78	0.024	0.000	0.021	0.708	0.533	0.753	-0.088	0.070	0.161	5.875	0.522	0.130	0.243	0.014	0.686	0.378	41/145
spokes_degree_1	103	0.293	1	0	58	1	3.800	0	1.00/0.94/0.91	0.019	0.000	0.094	0.322	1.974	6.130	0.306	0.780	0.824	2.037	0.916	-0.179	0.227	0.137	1.036	0.351	41/145
enrich_Reactome_Pathways_2024_a_termcols_1	104	0.285	1	0	24	1	8.300	0	1.00/0.61/0.51	0.011	0.000	0.134	0.653	1.329	2.036	-0.020	0.466	0.276	4.023	0.755	0.012	0.208	0.082	0.776	0.448	43/-130
enrich_GO_Biological_Process_2025_a_termcols_1	105	0.268	1	0	32	1	14.100	0	1.00/0.68/0.41	0.009	0.000	0.094	0.712	1.296	1.820	-0.011	0.389	0.191	2.974	0.807	0.004	0.229	0.100	0.827	0.423	41/145
enrich_Reactome_Pathways_2024_a_snf_1	106	0.268	1	0	98	1	17.700	0	1.00/0.65/0.64	0.004	0.000	0.111	0.892	0.271	0.304	-0.110	0.008	0.157	8.356	0.549	-0.022	0.199	0.041	0.743	0.706	72/53
engine_stress_free_1	107	0.260	1	0	54	1	18.200	0	1.00/0.94/0.94	0.054	0.000	0.033	0.373	0.286	0.768	0.043	0.828	0.841	1.641	0.783	0.642	0.079	0.097	0.413	0.143	59/158
spokes_degree_needle_1	108	0.252	0	0	58	0	4.100	0	1.00/0.94/0.91	0.005	0.000	0.068	0.303	1.979	6.537	0.372	0.777	0.809	1.901	0.921	-0.178	0.228	0.112	1.087	0.684	41/145
enrich_all_blend25_1	109	0.244	1	0	91	1	4.900	0	1.00/0.74/0.65	0.006	0.000	0.048	1.045	0.570	0.545	-0.084	0.008	0.100	10.764	0.521	0.059	0.204	0.020	0.648	0.705	46/-45
enrich_GO_Biological_Process_2025_a_funcstack_1	110	0.236	1	0	28	1	6.900	0	1.00/0.36/0.26	0.011	0.000	0.091	0.297	1.038	3.499	0.048	0.500	0.141	3.003	0.811	0.066	0.295	0.076	1.077	0.385	54/-150
fa2_2	111	0.236	0	0	73	1	4.700	0	1.00/0.73/0.69	0.001	0.017	0.331	0.011	0.996	91.953	0.808	0.865	0.956	2.146	0.944	0.060	0.204	0.236	2.705	0.932	50/-97
enrich_all_shells_1	112	0.220	1	0	89	1	3.800	0	1.00/0.80/0.65	0.038	0.000	0.033	0.676	0.723	1.071	-0.100	0.203	0.180	3.499	0.572	0.086	0.248	0.025	0.733	0.294	40/-77
enrich_Reactome_Pathways_2024_a_shells_1	113	0.211	1	0	87	1	4.000	0	1.00/0.84/0.80	0.038	0.000	0.046	0.677	0.694	1.026	-0.095	0.205	0.202	3.708	0.571	0.082	0.232	0.028	0.739	0.309	47/178
enrich_Reactome_Pathways_2024_a_umapand_1	114	0.203	1	0	93	1	35.100	0	1.00/0.83/0.60	0.015	0.000	0.077	0.642	0.442	0.688	-0.117	0.028	0.253	8.137	0.551	0.079	0.224	0.036	0.813	0.427	37/-162
enrich_Reactome_Pathways_2024_a_blend25_1	115	0.195	1	0	92	1	3.800	0	1.00/0.78/0.55	0.005	0.000	0.086	0.930	0.478	0.514	-0.097	0.011	0.146	8.128	0.543	0.062	0.209	0.031	0.714	0.788	38/60
enrich_GO_Biological_Process_2025_a_snf_1	116	0.187	1	0	97	1	18.600	0	1.00/0.65/0.59	0.005	0.000	0.083	0.887	0.205	0.231	-0.096	0.007	0.148	8.024	0.546	-0.008	0.200	0.039	0.721	0.652	18/-70
enrich_GO_Biological_Process_2025_a_umapand_1	117	0.187	1	0	95	1	35.700	0	1.00/0.81/0.70	0.021	0.000	0.052	0.762	0.541	0.710	-0.110	0.029	0.193	7.579	0.533	0.045	0.191	0.029	0.696	0.314	34/-110
enrich_GO_Biological_Process_2025_a_blend25_1	118	0.179	1	0	90	1	11.700	0	1.00/0.92/0.60	0.006	0.000	0.050	0.994	0.807	0.811	-0.092	0.008	0.107	8.010	0.524	0.047	0.219	0.022	0.670	0.685	33/28
enrich_GO_Biological_Process_2025_a_shells_1	119	0.163	1	0	85	1	3.700	0	1.00/0.88/0.81	0.032	0.000	0.046	0.566	0.649	1.147	-0.085	0.283	0.262	2.470	0.598	0.111	0.260	0.037	0.801	0.375	22/100
enrich_GO_Biological_Process_2025_a_magnets_1	120	0.154	1	0	84	1	4.700	0	1.00/0.89/0.79	0.023	0.000	0.017	0.621	0.446	0.719	-0.111	0.120	0.248	3.367	0.523	0.162	0.273	0.016	0.727	0.478	54/-150
aligned	121	0.138	0	0	16	0	nan	0	1.00/0.04/0.03	0.002	0.003	0.064	0.023	1.106	47.716	0.662	0.714	0.315	1.715	0.947	0.135	0.362	0.163	3.119	0.542	80/138
feature_Reactome_Pathways_2024_a_landscape_1	122	0.089	0	0	101	1	4.800	0	1.00/0.67/0.32	0.002	0.000	0.048	0.602	0.408	0.678	-0.134	0.005	0.168	8.270	0.532	0.056	0.421	0.024	1.021	0.991	30/80
feature_GO_Biological_Process_2025_a_landscape_1	123	0.049	0	0	99	1	4.400	0	1.00/0.56/0.40	0.002	0.000	0.034	0.767	0.635	0.828	-0.118	0.004	0.103	7.912	0.513	0.014	0.388	0.016	1.043	0.932	53/-12
feature_all_landscape_1	124	0.041	0	0	100	1	4.600	0	1.00/0.52/0.33	0.002	0.000	0.028	0.892	0.596	0.668	-0.108	0.004	0.116	10.249	0.514	0.054	0.299	0.015	0.770	0.961	30/80
